[
  {
    "id": "62895346404969@s.whatsapp.net",
    "balance": 5647
  },
  {
    "id": "6281371092533@s.whatsapp.net",
    "balance": 9999902829309132
  },
  {
    "id": "6285157215227@s.whatsapp.net",
    "balance": 1441
  },
  {
    "id": "6285718845621@s.whatsapp.net",
    "balance": 3650
  },
  {
    "id": "6283819926835@s.whatsapp.net",
    "balance": 1689
  },
  {
    "id": "6283892948435@s.whatsapp.net",
    "balance": 2040
  },
  {
    "id": "6281249776660@s.whatsapp.net",
    "balance": 143
  },
  {
    "id": "6281322760935@s.whatsapp.net",
    "balance": 17
  },
  {
    "id": "6281213356039@s.whatsapp.net",
    "balance": 137
  },
  {
    "id": "6283861405664@s.whatsapp.net",
    "balance": 1330
  },
  {
    "id": "6288975867223@s.whatsapp.net",
    "balance": 6
  },
  {
    "id": "6281212985806@s.whatsapp.net",
    "balance": 22
  },
  {
    "id": "6281383208878@s.whatsapp.net",
    "balance": 551
  },
  {
    "id": "6281323888639@s.whatsapp.net",
    "balance": 59
  },
  {
    "id": "601121534232@s.whatsapp.net",
    "balance": 578
  },
  {
    "id": "62881024715381@s.whatsapp.net",
    "balance": 392
  },
  {
    "id": "6289526567849@s.whatsapp.net",
    "balance": 220
  },
  {
    "id": "6287820853039@s.whatsapp.net",
    "balance": 11
  },
  {
    "id": "6285832672095@s.whatsapp.net",
    "balance": 106
  },
  {
    "id": "6289527610037@s.whatsapp.net",
    "balance": 2899
  },
  {
    "id": "6285707667099@s.whatsapp.net",
    "balance": 242
  },
  {
    "id": "6282169286432@s.whatsapp.net",
    "balance": 2051
  },
  {
    "id": "6281221902933@s.whatsapp.net",
    "balance": 262
  },
  {
    "id": "6289673159589@s.whatsapp.net",
    "balance": 1419
  },
  {
    "id": "6282279758472@s.whatsapp.net",
    "balance": 1547
  },
  {
    "id": "628970110617@s.whatsapp.net",
    "balance": 418
  },
  {
    "id": "6287726945718@s.whatsapp.net",
    "balance": 77
  },
  {
    "id": "6282335070157@s.whatsapp.net",
    "balance": 84
  },
  {
    "id": "6285771925745@s.whatsapp.net",
    "balance": 538
  },
  {
    "id": "6285748056968@s.whatsapp.net",
    "balance": 468
  },
  {
    "id": "66936129533@s.whatsapp.net",
    "balance": 158
  },
  {
    "id": "6281225632097@s.whatsapp.net",
    "balance": 246
  },
  {
    "id": "6285213563768@s.whatsapp.net",
    "balance": 129
  },
  {
    "id": "6283896115267@s.whatsapp.net",
    "balance": 216
  },
  {
    "id": "6282362021848@s.whatsapp.net",
    "balance": 186
  },
  {
    "id": "6281311929231@s.whatsapp.net",
    "balance": 106
  },
  {
    "id": "6285338950130@s.whatsapp.net",
    "balance": 10
  },
  {
    "id": "6283151844084@s.whatsapp.net",
    "balance": 18
  },
  {
    "id": "6281294119928@s.whatsapp.net",
    "balance": 1802
  },
  {
    "id": "6282228947708@s.whatsapp.net",
    "balance": 46
  },
  {
    "id": "6287877443266@s.whatsapp.net",
    "balance": 5
  },
  {
    "id": "6289684190066@s.whatsapp.net",
    "balance": 19
  },
  {
    "id": "6282338962760@s.whatsapp.net",
    "balance": 4
  },
  {
    "id": "62895605061896@s.whatsapp.net",
    "balance": 19
  },
  {
    "id": "6283826336865@s.whatsapp.net",
    "balance": 14
  },
  {
    "id": "6285868907496@s.whatsapp.net",
    "balance": 3
  },
  {
    "id": "6285891149138@s.whatsapp.net",
    "balance": 61
  },
  {
    "id": "62895321083521@s.whatsapp.net",
    "balance": 123
  },
  {
    "id": "62895630382796@s.whatsapp.net",
    "balance": 10
  },
  {
    "id": "6282118965526@s.whatsapp.net",
    "balance": 60
  },
  {
    "id": "6282127382273@s.whatsapp.net",
    "balance": 19
  },
  {
    "id": "6282298227475@s.whatsapp.net",
    "balance": 64
  },
  {
    "id": "6281384516975@s.whatsapp.net",
    "balance": 8
  },
  {
    "id": "6287849700035@s.whatsapp.net",
    "balance": 7
  },
  {
    "id": "6282141309336@s.whatsapp.net",
    "balance": 3
  },
  {
    "id": "6285815333998@s.whatsapp.net",
    "balance": 30
  },
  {
    "id": "62895360413716@s.whatsapp.net",
    "balance": 43
  },
  {
    "id": "6289653081016@s.whatsapp.net",
    "balance": 3
  },
  {
    "id": "6281382429537@s.whatsapp.net",
    "balance": 18
  },
  {
    "id": "6289601809674@s.whatsapp.net",
    "balance": 26
  },
  {
    "id": "62895355473399@s.whatsapp.net",
    "balance": 9
  },
  {
    "id": "6285754743389@s.whatsapp.net",
    "balance": 26
  },
  {
    "id": "6282335901983@s.whatsapp.net",
    "balance": 9
  },
  {
    "id": "6283131871963@s.whatsapp.net",
    "balance": 17
  },
  {
    "id": "6282111587137@s.whatsapp.net",
    "balance": 21
  },
  {
    "id": "6289512765620@s.whatsapp.net",
    "balance": 67
  },
  {
    "id": "6285695028277@s.whatsapp.net",
    "balance": 18
  },
  {
    "id": "6283871300383@s.whatsapp.net",
    "balance": 38
  },
  {
    "id": "6285869154241@s.whatsapp.net",
    "balance": 4
  },
  {
    "id": "6285741573330@s.whatsapp.net",
    "balance": 24
  },
  {
    "id": "6285769197477@s.whatsapp.net",
    "balance": 7
  },
  {
    "id": "6289517133079@s.whatsapp.net",
    "balance": 6
  },
  {
    "id": "6282256149572@s.whatsapp.net",
    "balance": 180
  },
  {
    "id": "6281269486655@s.whatsapp.net",
    "balance": 19
  },
  {
    "id": "6285730911465@s.whatsapp.net",
    "balance": 5
  },
  {
    "id": "6281227226450@s.whatsapp.net",
    "balance": 20
  },
  {
    "id": "6283806138798@s.whatsapp.net",
    "balance": 31
  },
  {
    "id": "6282134327579@s.whatsapp.net",
    "balance": 79
  },
  {
    "id": "6285363949665@s.whatsapp.net",
    "balance": 27
  },
  {
    "id": "6285730483522@s.whatsapp.net",
    "balance": 16
  },
  {
    "id": "6281528629616@s.whatsapp.net",
    "balance": 3
  },
  {
    "id": "6285892935752@s.whatsapp.net",
    "balance": 65
  },
  {
    "id": "6285866661064@s.whatsapp.net",
    "balance": 52
  },
  {
    "id": "6281376449309@s.whatsapp.net",
    "balance": 7
  },
  {
    "id": "62895377668151@s.whatsapp.net",
    "balance": 45
  },
  {
    "id": "628158721979@s.whatsapp.net",
    "balance": 51
  },
  {
    "id": "6285693864253@s.whatsapp.net",
    "balance": 20
  },
  {
    "id": "6285893949737@s.whatsapp.net",
    "balance": 22
  },
  {
    "id": "6281397914948@s.whatsapp.net",
    "balance": 6
  },
  {
    "id": "6282278029066@s.whatsapp.net",
    "balance": 1
  },
  {
    "id": "6281251110924@s.whatsapp.net",
    "balance": 150
  },
  {
    "id": "62895378240044@s.whatsapp.net",
    "balance": 14
  },
  {
    "id": "62895339393033@s.whatsapp.net",
    "balance": 19
  },
  {
    "id": "6285719629920@s.whatsapp.net",
    "balance": 21
  },
  {
    "id": "62895618482657@s.whatsapp.net",
    "balance": 13
  },
  {
    "id": "6282194749547@s.whatsapp.net",
    "balance": 844
  },
  {
    "id": "6282190164538@s.whatsapp.net",
    "balance": 841
  },
  {
    "id": "6281229317290@s.whatsapp.net",
    "balance": 591
  },
  {
    "id": "6281381695141@s.whatsapp.net",
    "balance": 513
  },
  {
    "id": "6281210012311@s.whatsapp.net",
    "balance": 249
  },
  {
    "id": "6281806660836@s.whatsapp.net",
    "balance": 594
  },
  {
    "id": "6283121800272@s.whatsapp.net",
    "balance": 239
  },
  {
    "id": "6285718155713@s.whatsapp.net",
    "balance": 23
  },
  {
    "id": "6283871151599@s.whatsapp.net",
    "balance": 65
  },
  {
    "id": "6285163011162@s.whatsapp.net",
    "balance": 315
  },
  {
    "id": "6283122796164@s.whatsapp.net",
    "balance": 874
  },
  {
    "id": "6281387642525@s.whatsapp.net",
    "balance": 129
  },
  {
    "id": "6281345941589@s.whatsapp.net",
    "balance": 2
  },
  {
    "id": "6281973432404@s.whatsapp.net",
    "balance": 25
  },
  {
    "id": "6283143284775@s.whatsapp.net",
    "balance": 49
  },
  {
    "id": "6287760970931@s.whatsapp.net",
    "balance": 18
  },
  {
    "id": "6285162722010@s.whatsapp.net",
    "balance": 29
  },
  {
    "id": "62895355383748@s.whatsapp.net",
    "balance": 12
  },
  {
    "id": "6281380399305@s.whatsapp.net",
    "balance": 308
  },
  {
    "id": "6281237063094@s.whatsapp.net",
    "balance": 49
  },
  {
    "id": "6282154821074@s.whatsapp.net",
    "balance": 282
  },
  {
    "id": "6285394034029@s.whatsapp.net",
    "balance": 92
  },
  {
    "id": "62895366552133@s.whatsapp.net",
    "balance": 47
  },
  {
    "id": "6285171535165@s.whatsapp.net",
    "balance": 312
  },
  {
    "id": "6283873701268@s.whatsapp.net",
    "balance": 351
  },
  {
    "id": "6282321306472@s.whatsapp.net",
    "balance": 9
  },
  {
    "id": "6281326457690@s.whatsapp.net",
    "balance": 11
  },
  {
    "id": "62859180555616@s.whatsapp.net",
    "balance": 10
  },
  {
    "id": "601124120472@s.whatsapp.net",
    "balance": 531
  },
  {
    "id": "6281310353014@s.whatsapp.net",
    "balance": 400
  },
  {
    "id": "628981192105@s.whatsapp.net",
    "balance": 38
  },
  {
    "id": "6282255048031@s.whatsapp.net",
    "balance": 41
  },
  {
    "id": "6285751628310@s.whatsapp.net",
    "balance": 33
  },
  {
    "id": "6289650380084@s.whatsapp.net",
    "balance": 33
  },
  {
    "id": "6282255305553@s.whatsapp.net",
    "balance": 41
  },
  {
    "id": "6282168091935@s.whatsapp.net",
    "balance": 51
  },
  {
    "id": "6282149013848@s.whatsapp.net",
    "balance": 379
  },
  {
    "id": "6285155463775@s.whatsapp.net",
    "balance": 691
  },
  {
    "id": "6287839707161@s.whatsapp.net",
    "balance": 2616
  },
  {
    "id": "6285834330089@s.whatsapp.net",
    "balance": 8446
  },
  {
    "id": "6281904081455@s.whatsapp.net",
    "balance": 17
  },
  {
    "id": "62895385185634@s.whatsapp.net",
    "balance": 3220
  },
  {
    "id": "62895385641267@s.whatsapp.net",
    "balance": 285
  },
  {
    "id": "6281534157337@s.whatsapp.net",
    "balance": 8
  },
  {
    "id": "6285769040645@s.whatsapp.net",
    "balance": 14
  },
  {
    "id": "6285268397827@s.whatsapp.net",
    "balance": 2222
  },
  {
    "id": "6285161788453@s.whatsapp.net",
    "balance": 207
  },
  {
    "id": "62895331179742@s.whatsapp.net",
    "balance": 10
  },
  {
    "id": "6281285792644@s.whatsapp.net",
    "balance": 14
  },
  {
    "id": "6285779159711@s.whatsapp.net",
    "balance": 43
  },
  {
    "id": "6289514358536@s.whatsapp.net",
    "balance": 5914
  },
  {
    "id": "6281363615427@s.whatsapp.net",
    "balance": 10
  },
  {
    "id": "628127023511@s.whatsapp.net",
    "balance": 33
  },
  {
    "id": "62895618873090@s.whatsapp.net",
    "balance": 15
  },
  {
    "id": "6281291085737@s.whatsapp.net",
    "balance": 38
  },
  {
    "id": "628978639524@s.whatsapp.net",
    "balance": 66
  },
  {
    "id": "62895615799598@s.whatsapp.net",
    "balance": 63
  },
  {
    "id": "6285754378169@s.whatsapp.net",
    "balance": 21
  },
  {
    "id": "62895411161882@s.whatsapp.net",
    "balance": 419
  },
  {
    "id": "628985370062@s.whatsapp.net",
    "balance": 20
  },
  {
    "id": "6281316232553@s.whatsapp.net",
    "balance": 127
  },
  {
    "id": "6281327808755@s.whatsapp.net",
    "balance": 69
  },
  {
    "id": "6289531774970@s.whatsapp.net",
    "balance": 26
  },
  {
    "id": "6287885541296@s.whatsapp.net",
    "balance": 51
  },
  {
    "id": "6282351684609@s.whatsapp.net",
    "balance": 8
  },
  {
    "id": "6282383870981@s.whatsapp.net",
    "balance": 38
  },
  {
    "id": "6282193339434@s.whatsapp.net",
    "balance": 6
  },
  {
    "id": "6289653615218@s.whatsapp.net",
    "balance": 11
  },
  {
    "id": "628984149890@s.whatsapp.net",
    "balance": 20
  },
  {
    "id": "6281380844720@s.whatsapp.net",
    "balance": 25
  },
  {
    "id": "886987057726@s.whatsapp.net",
    "balance": 69
  },
  {
    "id": "628975767944@s.whatsapp.net",
    "balance": 14
  },
  {
    "id": "6282110797131@s.whatsapp.net",
    "balance": 2
  },
  {
    "id": "6281376594549@s.whatsapp.net",
    "balance": 11
  },
  {
    "id": "6281290149896@s.whatsapp.net",
    "balance": 203
  },
  {
    "id": "628998820884@s.whatsapp.net",
    "balance": 272
  },
  {
    "id": "6282132466074@s.whatsapp.net",
    "balance": 56
  },
  {
    "id": "6285320282222@s.whatsapp.net",
    "balance": 150
  },
  {
    "id": "6281357703375@s.whatsapp.net",
    "balance": 13
  },
  {
    "id": "6285779853257@s.whatsapp.net",
    "balance": 5
  },
  {
    "id": "6282173384588@s.whatsapp.net",
    "balance": 59
  },
  {
    "id": "6288298020852@s.whatsapp.net",
    "balance": 9
  },
  {
    "id": "6285936672958@s.whatsapp.net",
    "balance": 31
  },
  {
    "id": "62895391450107@s.whatsapp.net",
    "balance": 5
  },
  {
    "id": "6281264729959@s.whatsapp.net",
    "balance": 35
  },
  {
    "id": "6287762083184@s.whatsapp.net",
    "balance": 703
  },
  {
    "id": "62895412942084@s.whatsapp.net",
    "balance": 107
  },
  {
    "id": "62895324054824@s.whatsapp.net",
    "balance": 25
  },
  {
    "id": "6281225522115@s.whatsapp.net",
    "balance": 395
  },
  {
    "id": "6289512350730@s.whatsapp.net",
    "balance": 12
  },
  {
    "id": "6281938286593@s.whatsapp.net",
    "balance": -9999900463838316
  },
  {
    "id": "6283186360563@s.whatsapp.net",
    "balance": 12
  },
  {
    "id": "62895397333269@s.whatsapp.net",
    "balance": 37
  },
  {
    "id": "6285888654800@s.whatsapp.net",
    "balance": -2365470295
  },
  {
    "id": "6285788063235@s.whatsapp.net",
    "balance": 11
  },
  {
    "id": "62895805170601@s.whatsapp.net",
    "balance": 13
  },
  {
    "id": "6287885111923@s.whatsapp.net",
    "balance": 148
  },
  {
    "id": "6281364221460@s.whatsapp.net",
    "balance": 70
  },
  {
    "id": "6283853900705@s.whatsapp.net",
    "balance": 501
  },
  {
    "id": "6283127196477@s.whatsapp.net",
    "balance": 3
  },
  {
    "id": "6281267649401@s.whatsapp.net",
    "balance": 24
  },
  {
    "id": "6285692974497@s.whatsapp.net",
    "balance": 4
  },
  {
    "id": "6281574428195@s.whatsapp.net",
    "balance": 16
  },
  {
    "id": "6289512799990@s.whatsapp.net",
    "balance": 20
  },
  {
    "id": "6287781102598@s.whatsapp.net",
    "balance": 9
  },
  {
    "id": "6289643889077@s.whatsapp.net",
    "balance": 12
  },
  {
    "id": "6282284646599@s.whatsapp.net",
    "balance": 472
  },
  {
    "id": "6281373497106@s.whatsapp.net",
    "balance": 20
  },
  {
    "id": "6283823079464@s.whatsapp.net",
    "balance": 23
  },
  {
    "id": "6288212279462@s.whatsapp.net",
    "balance": 669
  },
  {
    "id": "6282137543745@s.whatsapp.net",
    "balance": 2
  },
  {
    "id": "62881026486664@s.whatsapp.net",
    "balance": 18
  },
  {
    "id": "6282292947034@s.whatsapp.net",
    "balance": 9
  },
  {
    "id": "6283878497014@s.whatsapp.net",
    "balance": 4
  },
  {
    "id": "6287759957789@s.whatsapp.net",
    "balance": 62
  },
  {
    "id": "6285223865042@s.whatsapp.net",
    "balance": 24
  },
  {
    "id": "6282215207353@s.whatsapp.net",
    "balance": 10
  },
  {
    "id": "6281260900707@s.whatsapp.net",
    "balance": 58
  },
  {
    "id": "6283875630480@s.whatsapp.net",
    "balance": 2
  },
  {
    "id": "6281212450692@s.whatsapp.net",
    "balance": 51
  },
  {
    "id": "6287840860569@s.whatsapp.net",
    "balance": 2
  },
  {
    "id": "62882005846161@s.whatsapp.net",
    "balance": 5
  },
  {
    "id": "6285878313791@s.whatsapp.net",
    "balance": 71
  }
]