[
  {
    "nama": "#listsewa",
    "count": 1621
  },
  {
    "nama": "#hidetag",
    "count": 174
  },
  {
    "nama": "#addsewa",
    "count": 105
  },
  {
    "nama": "#delete",
    "count": 110
  },
  {
    "nama": "#open",
    "count": 105
  },
  {
    "nama": "#sticker",
    "count": 65
  },
  {
    "nama": "#close",
    "count": 82
  },
  {
    "nama": "#casino",
    "count": 74
  },
  {
    "nama": "#limit",
    "count": 82
  },
  {
    "nama": "#emojimix",
    "count": 39
  },
  {
    "nama": "#kick",
    "count": 48
  },
  {
    "nama": "#tebaklagu",
    "count": 36
  },
  {
    "nama": "#tictactoe",
    "count": 46
  },
  {
    "nama": "#cecan",
    "count": 39
  },
  {
    "nama": "#darkjoke",
    "count": 43
  },
  {
    "nama": "#welcome",
    "count": 44
  },
  {
    "nama": "#antilink",
    "count": 27
  },
  {
    "nama": "#setleft",
    "count": 33
  },
  {
    "nama": "#add",
    "count": 24
  },
  {
    "nama": "#setwelcome",
    "count": 20
  },
  {
    "nama": "#afk",
    "count": 34
  },
  {
    "nama": "#tebakgambar",
    "count": 18
  },
  {
    "nama": "#antiwame",
    "count": 16
  },
  {
    "nama": "#checksewa",
    "count": 15
  },
  {
    "nama": "#setopen",
    "count": 14
  },
  {
    "nama": "#linkgc",
    "count": 11
  },
  {
    "nama": "#kuis",
    "count": 10
  },
  {
    "nama": "#listbahasa",
    "count": 8
  },
  {
    "nama": "#runtime",
    "count": 12
  },
  {
    "nama": "#owner",
    "count": 15
  },
  {
    "nama": "#setclose",
    "count": 9
  },
  {
    "nama": "#waifu",
    "count": 29
  },
  {
    "nama": "#tiktok",
    "count": 5
  },
  {
    "nama": "#tiktoknowm",
    "count": 5
  },
  {
    "nama": "#play",
    "count": 10
  },
  {
    "nama": "#ytmp3",
    "count": 7
  },
  {
    "nama": "#meme",
    "count": 6
  },
  {
    "nama": "#dashboard",
    "count": 5
  },
  {
    "nama": "#donate",
    "count": 5
  },
  {
    "nama": "#attp",
    "count": 4
  },
  {
    "nama": "#nulis",
    "count": 4
  },
  {
    "nama": "#setcmd",
    "count": 15
  },
  {
    "nama": "#sewabot",
    "count": 4
  },
  {
    "nama": "#join",
    "count": 3
  },
  {
    "nama": "#delsetwelcome",
    "count": 6
  },
  {
    "nama": "#changewelcome",
    "count": 3
  },
  {
    "nama": "#setproses",
    "count": 5
  },
  {
    "nama": "#ttp",
    "count": 4
  },
  {
    "nama": "#delcmd",
    "count": 7
  },
  {
    "nama": "#cogan",
    "count": 4
  },
  {
    "nama": "#quotes",
    "count": 15
  },
  {
    "nama": "#promote",
    "count": 4
  },
  {
    "nama": "#delsetopen",
    "count": 2
  },
  {
    "nama": "#ytmp4",
    "count": 3
  },
  {
    "nama": "#start",
    "count": 2
  },
  {
    "nama": "#lirik",
    "count": 2
  },
  {
    "nama": "#revoke",
    "count": 4
  },
  {
    "nama": "#nuliskiri",
    "count": 2
  },
  {
    "nama": "#family100",
    "count": 52
  },
  {
    "nama": "#menu",
    "count": 2
  },
  {
    "nama": "#cekbandwidth",
    "count": 2
  },
  {
    "nama": "#speed",
    "count": 2
  },
  {
    "nama": "#grupwa",
    "count": 2
  },
  {
    "nama": "#pinterest",
    "count": 6
  },
  {
    "nama": "#demote",
    "count": 2
  },
  {
    "nama": "#buylimit",
    "count": 3
  },
  {
    "nama": "#changeopen",
    "count": 2
  },
  {
    "nama": "#tomp3",
    "count": 1
  },
  {
    "nama": "#smeme",
    "count": 1
  },
  {
    "nama": "#nuliskanan",
    "count": 1
  },
  {
    "nama": "#changedone",
    "count": 1
  },
  {
    "nama": "#setdone",
    "count": 1
  },
  {
    "nama": "#stop",
    "count": 1
  },
  {
    "nama": "#resetlimit",
    "count": 1
  },
  {
    "nama": "#toimg",
    "count": 1
  },
  {
    "nama": "#fakehidetag",
    "count": 1
  },
  {
    "nama": "#react",
    "count": 1
  },
  {
    "nama": "#cekdrive",
    "count": 1
  },
  {
    "nama": "#delsewa",
    "count": 1
  },
  {
    "nama": "#changeclose",
    "count": 1
  },
  {
    "nama": "#exif",
    "count": 1
  },
  {
    "nama": "#setnamegc",
    "count": 3
  },
  {
    "nama": "#delsetleft",
    "count": 3
  },
  {
    "nama": "#anonymous",
    "count": 1
  },
  {
    "nama": "#googlelens",
    "count": 1
  },
  {
    "nama": "#addprem",
    "count": 5
  },
  {
    "nama": "#ytsearch",
    "count": 2
  },
  {
    "nama": "#setppgrup",
    "count": 2
  },
  {
    "nama": "#couple",
    "count": 10
  },
  {
    "nama": "#buygamelimit",
    "count": 3
  },
  {
    "nama": "#nyerah",
    "count": 5
  },
  {
    "nama": "#setppbot",
    "count": 1
  },
  {
    "nama": "#bcsewa",
    "count": 2
  },
  {
    "nama": "#broadcast",
    "count": 2
  },
  {
    "nama": "#setdesc",
    "count": 1
  },
  {
    "nama": "#self",
    "count": 1
  },
  {
    "nama": "#public",
    "count": 1
  }
]