[
  {
    "jid": "62895346404969@s.whatsapp.net",
    "db": [
      {
        "nama": "#listsewa",
        "count": 1516
      },
      {
        "nama": "#addsewa",
        "count": 105
      },
      {
        "nama": "#runtime",
        "count": 7
      },
      {
        "nama": "#setcmd",
        "count": 7
      },
      {
        "nama": "#join",
        "count": 3
      },
      {
        "nama": "#delcmd",
        "count": 4
      },
      {
        "nama": "#hidetag",
        "count": 10
      },
      {
        "nama": "#open",
        "count": 6
      },
      {
        "nama": "#sewabot",
        "count": 3
      },
      {
        "nama": "#dashboard",
        "count": 3
      },
      {
        "nama": "#donate",
        "count": 3
      },
      {
        "nama": "#setproses",
        "count": 2
      },
      {
        "nama": "#welcome",
        "count": 2
      },
      {
        "nama": "#checksewa",
        "count": 2
      },
      {
        "nama": "#close",
        "count": 5
      },
      {
        "nama": "#setopen",
        "count": 3
      },
      {
        "nama": "#grupwa",
        "count": 2
      },
      {
        "nama": "#cekbandwidth",
        "count": 2
      },
      {
        "nama": "#menu",
        "count": 2
      },
      {
        "nama": "#kick",
        "count": 3
      },
      {
        "nama": "#changedone",
        "count": 1
      },
      {
        "nama": "#setdone",
        "count": 1
      },
      {
        "nama": "#sticker",
        "count": 1
      },
      {
        "nama": "#add",
        "count": 2
      },
      {
        "nama": "#tebaklagu",
        "count": 1
      },
      {
        "nama": "#resetlimit",
        "count": 1
      },
      {
        "nama": "#setnamegc",
        "count": 1
      },
      {
        "nama": "#exif",
        "count": 1
      },
      {
        "nama": "#casino",
        "count": 1
      },
      {
        "nama": "#delsewa",
        "count": 1
      },
      {
        "nama": "#react",
        "count": 1
      },
      {
        "nama": "#fakehidetag",
        "count": 1
      },
      {
        "nama": "#speed",
        "count": 1
      },
      {
        "nama": "#emojimix",
        "count": 1
      },
      {
        "nama": "#addprem",
        "count": 5
      },
      {
        "nama": "#promote",
        "count": 1
      },
      {
        "nama": "#afk",
        "count": 1
      },
      {
        "nama": "#setppbot",
        "count": 1
      },
      {
        "nama": "#bcsewa",
        "count": 2
      },
      {
        "nama": "#broadcast",
        "count": 1
      }
    ]
  },
  {
    "jid": "6281371092533@s.whatsapp.net",
    "db": [
      {
        "nama": "#checksewa",
        "count": 3
      },
      {
        "nama": "#dashboard",
        "count": 1
      },
      {
        "nama": "#owner",
        "count": 3
      },
      {
        "nama": "#cekdrive",
        "count": 1
      },
      {
        "nama": "#speed",
        "count": 1
      },
      {
        "nama": "#runtime",
        "count": 1
      },
      {
        "nama": "#listbahasa",
        "count": 1
      },
      {
        "nama": "#afk",
        "count": 1
      },
      {
        "nama": "#revoke",
        "count": 1
      },
      {
        "nama": "#donate",
        "count": 2
      },
      {
        "nama": "#sticker",
        "count": 3
      },
      {
        "nama": "#casino",
        "count": 9
      },
      {
        "nama": "#welcome",
        "count": 1
      },
      {
        "nama": "#setleft",
        "count": 1
      },
      {
        "nama": "#delete",
        "count": 1
      },
      {
        "nama": "#couple",
        "count": 1
      },
      {
        "nama": "#hidetag",
        "count": 1
      }
    ]
  },
  {
    "jid": "6285157215227@s.whatsapp.net",
    "db": [
      {
        "nama": "#listsewa",
        "count": 76
      },
      {
        "nama": "#darkjoke",
        "count": 8
      },
      {
        "nama": "#emojimix",
        "count": 6
      },
      {
        "nama": "#hidetag",
        "count": 5
      },
      {
        "nama": "#open",
        "count": 5
      },
      {
        "nama": "#close",
        "count": 3
      },
      {
        "nama": "#dashboard",
        "count": 1
      },
      {
        "nama": "#googlelens",
        "count": 1
      },
      {
        "nama": "#tebaklagu",
        "count": 2
      },
      {
        "nama": "#antilink",
        "count": 1
      },
      {
        "nama": "#sticker",
        "count": 1
      },
      {
        "nama": "#ttp",
        "count": 1
      },
      {
        "nama": "#setwelcome",
        "count": 1
      },
      {
        "nama": "#welcome",
        "count": 2
      },
      {
        "nama": "#changeclose",
        "count": 1
      },
      {
        "nama": "#setproses",
        "count": 2
      },
      {
        "nama": "#setopen",
        "count": 2
      },
      {
        "nama": "#setclose",
        "count": 1
      },
      {
        "nama": "#attp",
        "count": 2
      },
      {
        "nama": "#casino",
        "count": 1
      },
      {
        "nama": "#kick",
        "count": 1
      },
      {
        "nama": "#add",
        "count": 3
      },
      {
        "nama": "#runtime",
        "count": 1
      },
      {
        "nama": "#delsetopen",
        "count": 2
      },
      {
        "nama": "#linkgc",
        "count": 1
      },
      {
        "nama": "#delete",
        "count": 1
      },
      {
        "nama": "#setnamegc",
        "count": 1
      }
    ]
  },
  {
    "jid": "6283819926835@s.whatsapp.net",
    "db": [
      {
        "nama": "#delete",
        "count": 17
      },
      {
        "nama": "#antilink",
        "count": 2
      },
      {
        "nama": "#welcome",
        "count": 4
      },
      {
        "nama": "#setleft",
        "count": 5
      },
      {
        "nama": "#antiwame",
        "count": 2
      },
      {
        "nama": "#setwelcome",
        "count": 1
      },
      {
        "nama": "#open",
        "count": 11
      },
      {
        "nama": "#close",
        "count": 7
      },
      {
        "nama": "#listsewa",
        "count": 5
      },
      {
        "nama": "#setclose",
        "count": 1
      },
      {
        "nama": "#setopen",
        "count": 1
      },
      {
        "nama": "#afk",
        "count": 2
      },
      {
        "nama": "#hidetag",
        "count": 15
      },
      {
        "nama": "#emojimix",
        "count": 2
      },
      {
        "nama": "#kick",
        "count": 2
      },
      {
        "nama": "#linkgc",
        "count": 1
      }
    ]
  },
  {
    "jid": "6285718845621@s.whatsapp.net",
    "db": [
      {
        "nama": "#delete",
        "count": 20
      },
      {
        "nama": "#antilink",
        "count": 3
      },
      {
        "nama": "#welcome",
        "count": 4
      },
      {
        "nama": "#setleft",
        "count": 4
      },
      {
        "nama": "#setwelcome",
        "count": 2
      },
      {
        "nama": "#nulis",
        "count": 3
      },
      {
        "nama": "#nuliskiri",
        "count": 2
      },
      {
        "nama": "#listbahasa",
        "count": 2
      },
      {
        "nama": "#linkgc",
        "count": 2
      },
      {
        "nama": "#checksewa",
        "count": 3
      },
      {
        "nama": "#afk",
        "count": 6
      },
      {
        "nama": "#kick",
        "count": 8
      },
      {
        "nama": "#add",
        "count": 7
      },
      {
        "nama": "#close",
        "count": 10
      },
      {
        "nama": "#open",
        "count": 20
      },
      {
        "nama": "#tebaklagu",
        "count": 2
      },
      {
        "nama": "#delsetleft",
        "count": 1
      },
      {
        "nama": "#hidetag",
        "count": 10
      },
      {
        "nama": "#emojimix",
        "count": 2
      },
      {
        "nama": "#lirik",
        "count": 2
      },
      {
        "nama": "#darkjoke",
        "count": 4
      },
      {
        "nama": "#cecan",
        "count": 16
      },
      {
        "nama": "#revoke",
        "count": 1
      },
      {
        "nama": "#delsetwelcome",
        "count": 1
      },
      {
        "nama": "#ttp",
        "count": 2
      },
      {
        "nama": "#smeme",
        "count": 1
      },
      {
        "nama": "#promote",
        "count": 1
      },
      {
        "nama": "#setopen",
        "count": 1
      },
      {
        "nama": "#setclose",
        "count": 1
      },
      {
        "nama": "#setcmd",
        "count": 1
      },
      {
        "nama": "#delcmd",
        "count": 3
      },
      {
        "nama": "#runtime",
        "count": 2
      }
    ]
  },
  {
    "jid": "6283892948435@s.whatsapp.net",
    "db": [
      {
        "nama": "#kick",
        "count": 17
      },
      {
        "nama": "#antiwame",
        "count": 6
      },
      {
        "nama": "#antilink",
        "count": 3
      },
      {
        "nama": "#setwelcome",
        "count": 3
      },
      {
        "nama": "#hidetag",
        "count": 7
      },
      {
        "nama": "#close",
        "count": 8
      },
      {
        "nama": "#open",
        "count": 6
      },
      {
        "nama": "#setopen",
        "count": 1
      },
      {
        "nama": "#afk",
        "count": 3
      },
      {
        "nama": "#sticker",
        "count": 1
      },
      {
        "nama": "#delsetwelcome",
        "count": 2
      },
      {
        "nama": "#welcome",
        "count": 2
      },
      {
        "nama": "#tebakgambar",
        "count": 1
      },
      {
        "nama": "#waifu",
        "count": 2
      },
      {
        "nama": "#darkjoke",
        "count": 1
      },
      {
        "nama": "#delete",
        "count": 15
      },
      {
        "nama": "#setcmd",
        "count": 2
      }
    ]
  },
  {
    "jid": "6281249776660@s.whatsapp.net",
    "db": [
      {
        "nama": "#tebaklagu",
        "count": 1
      },
      {
        "nama": "#play",
        "count": 1
      },
      {
        "nama": "#ytmp3",
        "count": 1
      },
      {
        "nama": "#sticker",
        "count": 2
      }
    ]
  },
  {
    "jid": "6281213356039@s.whatsapp.net",
    "db": [
      {
        "nama": "#close",
        "count": 1
      },
      {
        "nama": "#open",
        "count": 1
      },
      {
        "nama": "#listsewa",
        "count": 11
      },
      {
        "nama": "#sticker",
        "count": 1
      }
    ]
  },
  {
    "jid": "62881024715381@s.whatsapp.net",
    "db": [
      {
        "nama": "#owner",
        "count": 1
      },
      {
        "nama": "#checksewa",
        "count": 2
      },
      {
        "nama": "#delete",
        "count": 4
      },
      {
        "nama": "#antilink",
        "count": 1
      },
      {
        "nama": "#antiwame",
        "count": 1
      },
      {
        "nama": "#setwelcome",
        "count": 1
      },
      {
        "nama": "#welcome",
        "count": 1
      },
      {
        "nama": "#open",
        "count": 1
      },
      {
        "nama": "#kick",
        "count": 3
      }
    ]
  },
  {
    "jid": "6283861405664@s.whatsapp.net",
    "db": [
      {
        "nama": "#welcome",
        "count": 3
      },
      {
        "nama": "#antilink",
        "count": 2
      },
      {
        "nama": "#checksewa",
        "count": 1
      },
      {
        "nama": "#delete",
        "count": 11
      },
      {
        "nama": "#close",
        "count": 7
      },
      {
        "nama": "#nulis",
        "count": 1
      },
      {
        "nama": "#hidetag",
        "count": 7
      },
      {
        "nama": "#open",
        "count": 6
      },
      {
        "nama": "#afk",
        "count": 2
      },
      {
        "nama": "#setcmd",
        "count": 2
      }
    ]
  },
  {
    "jid": "601121534232@s.whatsapp.net",
    "db": [
      {
        "nama": "#waifu",
        "count": 1
      },
      {
        "nama": "#cecan",
        "count": 1
      },
      {
        "nama": "#kuis",
        "count": 1
      },
      {
        "nama": "#tebakgambar",
        "count": 1
      },
      {
        "nama": "#hidetag",
        "count": 2
      }
    ]
  },
  {
    "jid": "6289526567849@s.whatsapp.net",
    "db": [
      {
        "nama": "#setwelcome",
        "count": 1
      },
      {
        "nama": "#setleft",
        "count": 1
      },
      {
        "nama": "#hidetag",
        "count": 8
      },
      {
        "nama": "#kick",
        "count": 1
      }
    ]
  },
  {
    "jid": "6289527610037@s.whatsapp.net",
    "db": [
      {
        "nama": "#emojimix",
        "count": 5
      },
      {
        "nama": "#tebaklagu",
        "count": 27
      }
    ]
  },
  {
    "jid": "6282279758472@s.whatsapp.net",
    "db": [
      {
        "nama": "#open",
        "count": 7
      },
      {
        "nama": "#close",
        "count": 4
      },
      {
        "nama": "#welcome",
        "count": 1
      },
      {
        "nama": "#setleft",
        "count": 1
      },
      {
        "nama": "#afk",
        "count": 1
      },
      {
        "nama": "#delete",
        "count": 6
      },
      {
        "nama": "#hidetag",
        "count": 9
      }
    ]
  },
  {
    "jid": "628970110617@s.whatsapp.net",
    "db": [
      {
        "nama": "#hidetag",
        "count": 12
      }
    ]
  },
  {
    "jid": "6282335070157@s.whatsapp.net",
    "db": [
      {
        "nama": "#hidetag",
        "count": 1
      },
      {
        "nama": "#waifu",
        "count": 1
      }
    ]
  },
  {
    "jid": "6285748056968@s.whatsapp.net",
    "db": [
      {
        "nama": "#emojimix",
        "count": 11
      },
      {
        "nama": "#tiktok",
        "count": 2
      },
      {
        "nama": "#tiktoknowm",
        "count": 2
      },
      {
        "nama": "#cogan",
        "count": 1
      },
      {
        "nama": "#cecan",
        "count": 4
      },
      {
        "nama": "#play",
        "count": 2
      },
      {
        "nama": "#ytmp3",
        "count": 3
      }
    ]
  },
  {
    "jid": "66936129533@s.whatsapp.net",
    "db": [
      {
        "nama": "#sticker",
        "count": 2
      },
      {
        "nama": "#linkgc",
        "count": 1
      },
      {
        "nama": "#darkjoke",
        "count": 3
      }
    ]
  },
  {
    "jid": "6282169286432@s.whatsapp.net",
    "db": [
      {
        "nama": "#cecan",
        "count": 5
      },
      {
        "nama": "#waifu",
        "count": 2
      },
      {
        "nama": "#open",
        "count": 8
      },
      {
        "nama": "#hidetag",
        "count": 11
      },
      {
        "nama": "#close",
        "count": 6
      },
      {
        "nama": "#antilink",
        "count": 1
      },
      {
        "nama": "#antiwame",
        "count": 1
      },
      {
        "nama": "#delete",
        "count": 7
      },
      {
        "nama": "#tiktoknowm",
        "count": 1
      },
      {
        "nama": "#kick",
        "count": 4
      },
      {
        "nama": "#add",
        "count": 3
      },
      {
        "nama": "#welcome",
        "count": 1
      },
      {
        "nama": "#setleft",
        "count": 1
      },
      {
        "nama": "#darkjoke",
        "count": 1
      },
      {
        "nama": "#demote",
        "count": 1
      },
      {
        "nama": "#promote",
        "count": 1
      },
      {
        "nama": "#sticker",
        "count": 3
      },
      {
        "nama": "#runtime",
        "count": 1
      },
      {
        "nama": "#couple",
        "count": 1
      }
    ]
  },
  {
    "jid": "6281225632097@s.whatsapp.net",
    "db": [
      {
        "nama": "#cecan",
        "count": 1
      },
      {
        "nama": "#emojimix",
        "count": 5
      }
    ]
  },
  {
    "jid": "6282362021848@s.whatsapp.net",
    "db": [
      {
        "nama": "#open",
        "count": 3
      },
      {
        "nama": "#close",
        "count": 2
      }
    ]
  },
  {
    "jid": "6281311929231@s.whatsapp.net",
    "db": [
      {
        "nama": "#antilink",
        "count": 2
      }
    ]
  },
  {
    "jid": "6281383208878@s.whatsapp.net",
    "db": [
      {
        "nama": "#open",
        "count": 4
      },
      {
        "nama": "#hidetag",
        "count": 1
      },
      {
        "nama": "#close",
        "count": 3
      }
    ]
  },
  {
    "jid": "6289673159589@s.whatsapp.net",
    "db": [
      {
        "nama": "#delete",
        "count": 1
      },
      {
        "nama": "#cecan",
        "count": 1
      },
      {
        "nama": "#cogan",
        "count": 1
      },
      {
        "nama": "#kuis",
        "count": 1
      },
      {
        "nama": "#tebakgambar",
        "count": 1
      },
      {
        "nama": "#casino",
        "count": 13
      },
      {
        "nama": "#darkjoke",
        "count": 3
      },
      {
        "nama": "#afk",
        "count": 1
      },
      {
        "nama": "#linkgc",
        "count": 1
      },
      {
        "nama": "#sticker",
        "count": 1
      }
    ]
  },
  {
    "jid": "6283151844084@s.whatsapp.net",
    "db": [
      {
        "nama": "#owner",
        "count": 1
      },
      {
        "nama": "#listsewa",
        "count": 13
      }
    ]
  },
  {
    "jid": "6281294119928@s.whatsapp.net",
    "db": [
      {
        "nama": "#tebakgambar",
        "count": 10
      },
      {
        "nama": "#family100",
        "count": 1
      },
      {
        "nama": "#cecan",
        "count": 2
      },
      {
        "nama": "#cogan",
        "count": 1
      },
      {
        "nama": "#meme",
        "count": 3
      },
      {
        "nama": "#kuis",
        "count": 5
      },
      {
        "nama": "#limit",
        "count": 1
      },
      {
        "nama": "#casino",
        "count": 8
      },
      {
        "nama": "#darkjoke",
        "count": 8
      },
      {
        "nama": "#quotes",
        "count": 3
      },
      {
        "nama": "#pinterest",
        "count": 2
      },
      {
        "nama": "#sticker",
        "count": 6
      }
    ]
  },
  {
    "jid": "6287877443266@s.whatsapp.net",
    "db": [
      {
        "nama": "#sewabot",
        "count": 1
      }
    ]
  },
  {
    "jid": "6285891149138@s.whatsapp.net",
    "db": [
      {
        "nama": "#anonymous",
        "count": 1
      },
      {
        "nama": "#start",
        "count": 2
      },
      {
        "nama": "#stop",
        "count": 1
      }
    ]
  },
  {
    "jid": "62895360413716@s.whatsapp.net",
    "db": [
      {
        "nama": "#hidetag",
        "count": 1
      }
    ]
  },
  {
    "jid": "6289601809674@s.whatsapp.net",
    "db": [
      {
        "nama": "#close",
        "count": 1
      }
    ]
  },
  {
    "jid": "6285771925745@s.whatsapp.net",
    "db": [
      {
        "nama": "#owner",
        "count": 1
      },
      {
        "nama": "#setwelcome",
        "count": 1
      },
      {
        "nama": "#changewelcome",
        "count": 1
      }
    ]
  },
  {
    "jid": "6283896115267@s.whatsapp.net",
    "db": [
      {
        "nama": "#owner",
        "count": 1
      },
      {
        "nama": "#emojimix",
        "count": 5
      },
      {
        "nama": "#attp",
        "count": 2
      }
    ]
  },
  {
    "jid": "6289512765620@s.whatsapp.net",
    "db": [
      {
        "nama": "#linkgc",
        "count": 1
      },
      {
        "nama": "#waifu",
        "count": 1
      }
    ]
  },
  {
    "jid": "6283871300383@s.whatsapp.net",
    "db": [
      {
        "nama": "#toimg",
        "count": 1
      },
      {
        "nama": "#sticker",
        "count": 3
      }
    ]
  },
  {
    "jid": "6289517133079@s.whatsapp.net",
    "db": [
      {
        "nama": "#darkjoke",
        "count": 1
      }
    ]
  },
  {
    "jid": "6281227226450@s.whatsapp.net",
    "db": [
      {
        "nama": "#tiktok",
        "count": 1
      },
      {
        "nama": "#afk",
        "count": 1
      }
    ]
  },
  {
    "jid": "6285363949665@s.whatsapp.net",
    "db": [
      {
        "nama": "#darkjoke",
        "count": 3
      }
    ]
  },
  {
    "jid": "62895630382796@s.whatsapp.net",
    "db": [
      {
        "nama": "#hidetag",
        "count": 1
      }
    ]
  },
  {
    "jid": "6285866661064@s.whatsapp.net",
    "db": [
      {
        "nama": "#delete",
        "count": 3
      }
    ]
  },
  {
    "jid": "62895377668151@s.whatsapp.net",
    "db": [
      {
        "nama": "#play",
        "count": 2
      },
      {
        "nama": "#ytmp4",
        "count": 2
      },
      {
        "nama": "#ytmp3",
        "count": 1
      }
    ]
  },
  {
    "jid": "62895321083521@s.whatsapp.net",
    "db": [
      {
        "nama": "#hidetag",
        "count": 2
      }
    ]
  },
  {
    "jid": "6281251110924@s.whatsapp.net",
    "db": [
      {
        "nama": "#tebaklagu",
        "count": 1
      },
      {
        "nama": "#nuliskanan",
        "count": 1
      },
      {
        "nama": "#afk",
        "count": 1
      }
    ]
  },
  {
    "jid": "6285719629920@s.whatsapp.net",
    "db": [
      {
        "nama": "#sticker",
        "count": 1
      }
    ]
  },
  {
    "jid": "6282194749547@s.whatsapp.net",
    "db": [
      {
        "nama": "#checksewa",
        "count": 2
      },
      {
        "nama": "#welcome",
        "count": 2
      },
      {
        "nama": "#setwelcome",
        "count": 1
      },
      {
        "nama": "#setleft",
        "count": 3
      },
      {
        "nama": "#kick",
        "count": 1
      },
      {
        "nama": "#add",
        "count": 2
      },
      {
        "nama": "#antilink",
        "count": 1
      },
      {
        "nama": "#antiwame",
        "count": 1
      },
      {
        "nama": "#open",
        "count": 4
      },
      {
        "nama": "#close",
        "count": 2
      },
      {
        "nama": "#setopen",
        "count": 1
      },
      {
        "nama": "#setclose",
        "count": 1
      },
      {
        "nama": "#changeopen",
        "count": 1
      },
      {
        "nama": "#linkgc",
        "count": 1
      },
      {
        "nama": "#setppgrup",
        "count": 1
      }
    ]
  },
  {
    "jid": "6281210012311@s.whatsapp.net",
    "db": [
      {
        "nama": "#antilink",
        "count": 1
      },
      {
        "nama": "#welcome",
        "count": 1
      },
      {
        "nama": "#kick",
        "count": 1
      },
      {
        "nama": "#hidetag",
        "count": 9
      }
    ]
  },
  {
    "jid": "6281229317290@s.whatsapp.net",
    "db": [
      {
        "nama": "#antilink",
        "count": 1
      },
      {
        "nama": "#antiwame",
        "count": 1
      },
      {
        "nama": "#setwelcome",
        "count": 1
      },
      {
        "nama": "#setopen",
        "count": 1
      },
      {
        "nama": "#setclose",
        "count": 1
      },
      {
        "nama": "#sticker",
        "count": 1
      },
      {
        "nama": "#welcome",
        "count": 3
      },
      {
        "nama": "#close",
        "count": 2
      },
      {
        "nama": "#open",
        "count": 2
      }
    ]
  },
  {
    "jid": "6283871151599@s.whatsapp.net",
    "db": [
      {
        "nama": "#open",
        "count": 2
      },
      {
        "nama": "#close",
        "count": 1
      }
    ]
  },
  {
    "jid": "6281381695141@s.whatsapp.net",
    "db": [
      {
        "nama": "#close",
        "count": 2
      },
      {
        "nama": "#open",
        "count": 1
      },
      {
        "nama": "#hidetag",
        "count": 4
      },
      {
        "nama": "#welcome",
        "count": 2
      },
      {
        "nama": "#antilink",
        "count": 1
      },
      {
        "nama": "#sticker",
        "count": 1
      },
      {
        "nama": "#delete",
        "count": 3
      },
      {
        "nama": "#checksewa",
        "count": 1
      },
      {
        "nama": "#waifu",
        "count": 9
      },
      {
        "nama": "#cecan",
        "count": 1
      }
    ]
  },
  {
    "jid": "6283122796164@s.whatsapp.net",
    "db": [
      {
        "nama": "#hidetag",
        "count": 12
      },
      {
        "nama": "#setwelcome",
        "count": 1
      },
      {
        "nama": "#close",
        "count": 6
      },
      {
        "nama": "#setcmd",
        "count": 3
      },
      {
        "nama": "#setopen",
        "count": 2
      },
      {
        "nama": "#setclose",
        "count": 2
      },
      {
        "nama": "#open",
        "count": 3
      },
      {
        "nama": "#changeopen",
        "count": 1
      }
    ]
  },
  {
    "jid": "6282190164538@s.whatsapp.net",
    "db": [
      {
        "nama": "#hidetag",
        "count": 6
      },
      {
        "nama": "#open",
        "count": 2
      },
      {
        "nama": "#close",
        "count": 1
      }
    ]
  },
  {
    "jid": "6283121800272@s.whatsapp.net",
    "db": [
      {
        "nama": "#welcome",
        "count": 1
      },
      {
        "nama": "#setleft",
        "count": 1
      },
      {
        "nama": "#antilink",
        "count": 1
      },
      {
        "nama": "#antiwame",
        "count": 1
      }
    ]
  },
  {
    "jid": "6285171535165@s.whatsapp.net",
    "db": [
      {
        "nama": "#open",
        "count": 3
      },
      {
        "nama": "#delete",
        "count": 2
      },
      {
        "nama": "#close",
        "count": 2
      }
    ]
  },
  {
    "jid": "6281380399305@s.whatsapp.net",
    "db": [
      {
        "nama": "#hidetag",
        "count": 3
      }
    ]
  },
  {
    "jid": "6283873701268@s.whatsapp.net",
    "db": [
      {
        "nama": "#antilink",
        "count": 3
      },
      {
        "nama": "#hidetag",
        "count": 4
      }
    ]
  },
  {
    "jid": "6283143284775@s.whatsapp.net",
    "db": [
      {
        "nama": "#hidetag",
        "count": 2
      }
    ]
  },
  {
    "jid": "6281326457690@s.whatsapp.net",
    "db": [
      {
        "nama": "#sticker",
        "count": 1
      }
    ]
  },
  {
    "jid": "601124120472@s.whatsapp.net",
    "db": [
      {
        "nama": "#antilink",
        "count": 2
      },
      {
        "nama": "#antiwame",
        "count": 1
      },
      {
        "nama": "#welcome",
        "count": 1
      },
      {
        "nama": "#setleft",
        "count": 1
      },
      {
        "nama": "#hidetag",
        "count": 4
      },
      {
        "nama": "#sticker",
        "count": 1
      }
    ]
  },
  {
    "jid": "6281310353014@s.whatsapp.net",
    "db": [
      {
        "nama": "#delete",
        "count": 11
      },
      {
        "nama": "#close",
        "count": 2
      },
      {
        "nama": "#setclose",
        "count": 1
      },
      {
        "nama": "#afk",
        "count": 1
      }
    ]
  },
  {
    "jid": "6282255305553@s.whatsapp.net",
    "db": [
      {
        "nama": "#tomp3",
        "count": 1
      },
      {
        "nama": "#tiktok",
        "count": 1
      },
      {
        "nama": "#tiktoknowm",
        "count": 1
      }
    ]
  },
  {
    "jid": "6281806660836@s.whatsapp.net",
    "db": [
      {
        "nama": "#antilink",
        "count": 1
      },
      {
        "nama": "#antiwame",
        "count": 1
      }
    ]
  },
  {
    "jid": "6289650380084@s.whatsapp.net",
    "db": [
      {
        "nama": "#kick",
        "count": 1
      }
    ]
  },
  {
    "jid": "6287839707161@s.whatsapp.net",
    "db": [
      {
        "nama": "#checksewa",
        "count": 1
      },
      {
        "nama": "#listbahasa",
        "count": 5
      },
      {
        "nama": "#kick",
        "count": 3
      },
      {
        "nama": "#welcome",
        "count": 1
      },
      {
        "nama": "#setleft",
        "count": 2
      },
      {
        "nama": "#setwelcome",
        "count": 1
      },
      {
        "nama": "#linkgc",
        "count": 2
      },
      {
        "nama": "#setopen",
        "count": 1
      },
      {
        "nama": "#setclose",
        "count": 1
      },
      {
        "nama": "#waifu",
        "count": 4
      },
      {
        "nama": "#hidetag",
        "count": 5
      },
      {
        "nama": "#darkjoke",
        "count": 1
      },
      {
        "nama": "#tictactoe",
        "count": 14
      },
      {
        "nama": "#limit",
        "count": 24
      },
      {
        "nama": "#casino",
        "count": 12
      },
      {
        "nama": "#cecan",
        "count": 2
      },
      {
        "nama": "#afk",
        "count": 8
      },
      {
        "nama": "#demote",
        "count": 1
      },
      {
        "nama": "#promote",
        "count": 1
      },
      {
        "nama": "#setnamegc",
        "count": 1
      },
      {
        "nama": "#family100",
        "count": 11
      },
      {
        "nama": "#quotes",
        "count": 1
      },
      {
        "nama": "#nyerah",
        "count": 3
      },
      {
        "nama": "#buygamelimit",
        "count": 1
      },
      {
        "nama": "#buylimit",
        "count": 1
      },
      {
        "nama": "#revoke",
        "count": 1
      }
    ]
  },
  {
    "jid": "6285834330089@s.whatsapp.net",
    "db": [
      {
        "nama": "#add",
        "count": 1
      },
      {
        "nama": "#kick",
        "count": 1
      },
      {
        "nama": "#family100",
        "count": 20
      },
      {
        "nama": "#limit",
        "count": 18
      },
      {
        "nama": "#tictactoe",
        "count": 1
      },
      {
        "nama": "#buylimit",
        "count": 1
      },
      {
        "nama": "#buygamelimit",
        "count": 1
      },
      {
        "nama": "#nyerah",
        "count": 1
      },
      {
        "nama": "#afk",
        "count": 1
      },
      {
        "nama": "#play",
        "count": 1
      },
      {
        "nama": "#ytmp3",
        "count": 1
      },
      {
        "nama": "#darkjoke",
        "count": 1
      }
    ]
  },
  {
    "jid": "6285268397827@s.whatsapp.net",
    "db": [
      {
        "nama": "#tictactoe",
        "count": 4
      },
      {
        "nama": "#limit",
        "count": 22
      },
      {
        "nama": "#casino",
        "count": 21
      },
      {
        "nama": "#family100",
        "count": 1
      }
    ]
  },
  {
    "jid": "6285161788453@s.whatsapp.net",
    "db": [
      {
        "nama": "#owner",
        "count": 1
      },
      {
        "nama": "#sticker",
        "count": 1
      },
      {
        "nama": "#setopen",
        "count": 1
      },
      {
        "nama": "#close",
        "count": 1
      },
      {
        "nama": "#open",
        "count": 1
      }
    ]
  },
  {
    "jid": "62895385641267@s.whatsapp.net",
    "db": [
      {
        "nama": "#welcome",
        "count": 1
      },
      {
        "nama": "#antilink",
        "count": 1
      },
      {
        "nama": "#antiwame",
        "count": 1
      },
      {
        "nama": "#setwelcome",
        "count": 1
      },
      {
        "nama": "#changewelcome",
        "count": 2
      },
      {
        "nama": "#open",
        "count": 3
      },
      {
        "nama": "#hidetag",
        "count": 1
      },
      {
        "nama": "#close",
        "count": 1
      }
    ]
  },
  {
    "jid": "6282149013848@s.whatsapp.net",
    "db": [
      {
        "nama": "#hidetag",
        "count": 2
      },
      {
        "nama": "#delete",
        "count": 1
      }
    ]
  },
  {
    "jid": "6282256149572@s.whatsapp.net",
    "db": [
      {
        "nama": "#tebakgambar",
        "count": 1
      },
      {
        "nama": "#sticker",
        "count": 3
      },
      {
        "nama": "#meme",
        "count": 1
      },
      {
        "nama": "#tiktok",
        "count": 1
      },
      {
        "nama": "#tiktoknowm",
        "count": 1
      },
      {
        "nama": "#kuis",
        "count": 1
      },
      {
        "nama": "#couple",
        "count": 1
      }
    ]
  },
  {
    "jid": "62895385185634@s.whatsapp.net",
    "db": [
      {
        "nama": "#tictactoe",
        "count": 25
      },
      {
        "nama": "#limit",
        "count": 8
      },
      {
        "nama": "#buylimit",
        "count": 1
      },
      {
        "nama": "#casino",
        "count": 1
      },
      {
        "nama": "#cogan",
        "count": 1
      },
      {
        "nama": "#darkjoke",
        "count": 3
      },
      {
        "nama": "#waifu",
        "count": 2
      },
      {
        "nama": "#owner",
        "count": 1
      }
    ]
  },
  {
    "jid": "628127023511@s.whatsapp.net",
    "db": [
      {
        "nama": "#limit",
        "count": 2
      }
    ]
  },
  {
    "jid": "628978639524@s.whatsapp.net",
    "db": [
      {
        "nama": "#sticker",
        "count": 7
      }
    ]
  },
  {
    "jid": "62895615799598@s.whatsapp.net",
    "db": [
      {
        "nama": "#sticker",
        "count": 6
      }
    ]
  },
  {
    "jid": "6285754378169@s.whatsapp.net",
    "db": [
      {
        "nama": "#sticker",
        "count": 2
      }
    ]
  },
  {
    "jid": "6285163011162@s.whatsapp.net",
    "db": [
      {
        "nama": "#close",
        "count": 1
      },
      {
        "nama": "#open",
        "count": 1
      },
      {
        "nama": "#hidetag",
        "count": 1
      }
    ]
  },
  {
    "jid": "62895411161882@s.whatsapp.net",
    "db": [
      {
        "nama": "#sticker",
        "count": 7
      },
      {
        "nama": "#kuis",
        "count": 2
      },
      {
        "nama": "#meme",
        "count": 1
      },
      {
        "nama": "#family100",
        "count": 1
      }
    ]
  },
  {
    "jid": "6281327808755@s.whatsapp.net",
    "db": [
      {
        "nama": "#sticker",
        "count": 1
      },
      {
        "nama": "#emojimix",
        "count": 2
      }
    ]
  },
  {
    "jid": "6285155463775@s.whatsapp.net",
    "db": [
      {
        "nama": "#hidetag",
        "count": 5
      },
      {
        "nama": "#sticker",
        "count": 1
      }
    ]
  },
  {
    "jid": "6282351684609@s.whatsapp.net",
    "db": [
      {
        "nama": "#family100",
        "count": 1
      }
    ]
  },
  {
    "jid": "628984149890@s.whatsapp.net",
    "db": [
      {
        "nama": "#afk",
        "count": 1
      }
    ]
  },
  {
    "jid": "6281380844720@s.whatsapp.net",
    "db": [
      {
        "nama": "#owner",
        "count": 1
      }
    ]
  },
  {
    "jid": "6289514358536@s.whatsapp.net",
    "db": [
      {
        "nama": "#quotes",
        "count": 2
      },
      {
        "nama": "#delete",
        "count": 3
      },
      {
        "nama": "#pinterest",
        "count": 4
      },
      {
        "nama": "#tictactoe",
        "count": 1
      },
      {
        "nama": "#family100",
        "count": 15
      },
      {
        "nama": "#limit",
        "count": 5
      },
      {
        "nama": "#buygamelimit",
        "count": 1
      },
      {
        "nama": "#afk",
        "count": 1
      }
    ]
  },
  {
    "jid": "62895366552133@s.whatsapp.net",
    "db": [
      {
        "nama": "#close",
        "count": 1
      },
      {
        "nama": "#afk",
        "count": 1
      }
    ]
  },
  {
    "jid": "6281290149896@s.whatsapp.net",
    "db": [
      {
        "nama": "#owner",
        "count": 1
      },
      {
        "nama": "#ytsearch",
        "count": 2
      },
      {
        "nama": "#play",
        "count": 4
      },
      {
        "nama": "#ytmp4",
        "count": 1
      },
      {
        "nama": "#ytmp3",
        "count": 1
      }
    ]
  },
  {
    "jid": "6282132466074@s.whatsapp.net",
    "db": [
      {
        "nama": "#open",
        "count": 2
      }
    ]
  },
  {
    "jid": "628998820884@s.whatsapp.net",
    "db": [
      {
        "nama": "#owner",
        "count": 1
      },
      {
        "nama": "#sticker",
        "count": 4
      },
      {
        "nama": "#afk",
        "count": 1
      }
    ]
  },
  {
    "jid": "6281357703375@s.whatsapp.net",
    "db": [
      {
        "nama": "#waifu",
        "count": 1
      }
    ]
  },
  {
    "jid": "6285779853257@s.whatsapp.net",
    "db": [
      {
        "nama": "#waifu",
        "count": 1
      }
    ]
  },
  {
    "jid": "6285320282222@s.whatsapp.net",
    "db": [
      {
        "nama": "#hidetag",
        "count": 3
      },
      {
        "nama": "#welcome",
        "count": 1
      },
      {
        "nama": "#setleft",
        "count": 1
      },
      {
        "nama": "#ttp",
        "count": 1
      }
    ]
  },
  {
    "jid": "6281264729959@s.whatsapp.net",
    "db": [
      {
        "nama": "#hidetag",
        "count": 3
      }
    ]
  },
  {
    "jid": "6282168091935@s.whatsapp.net",
    "db": [
      {
        "nama": "#sticker",
        "count": 1
      }
    ]
  },
  {
    "jid": "6287762083184@s.whatsapp.net",
    "db": [
      {
        "nama": "#add",
        "count": 6
      },
      {
        "nama": "#setleft",
        "count": 12
      },
      {
        "nama": "#setwelcome",
        "count": 5
      },
      {
        "nama": "#welcome",
        "count": 9
      },
      {
        "nama": "#delete",
        "count": 3
      },
      {
        "nama": "#delsetwelcome",
        "count": 3
      },
      {
        "nama": "#kick",
        "count": 1
      },
      {
        "nama": "#delsetleft",
        "count": 2
      },
      {
        "nama": "#hidetag",
        "count": 2
      }
    ]
  },
  {
    "jid": "62895324054824@s.whatsapp.net",
    "db": [
      {
        "nama": "#sticker",
        "count": 2
      },
      {
        "nama": "#kick",
        "count": 1
      }
    ]
  },
  {
    "jid": "6281225522115@s.whatsapp.net",
    "db": [
      {
        "nama": "#close",
        "count": 2
      },
      {
        "nama": "#open",
        "count": 2
      },
      {
        "nama": "#hidetag",
        "count": 3
      },
      {
        "nama": "#quotes",
        "count": 1
      }
    ]
  },
  {
    "jid": "6281938286593@s.whatsapp.net",
    "db": [
      {
        "nama": "#quotes",
        "count": 1
      },
      {
        "nama": "#couple",
        "count": 5
      },
      {
        "nama": "#casino",
        "count": 4
      }
    ]
  },
  {
    "jid": "6285888654800@s.whatsapp.net",
    "db": [
      {
        "nama": "#couple",
        "count": 1
      },
      {
        "nama": "#darkjoke",
        "count": 1
      },
      {
        "nama": "#cecan",
        "count": 1
      },
      {
        "nama": "#quotes",
        "count": 1
      },
      {
        "nama": "#casino",
        "count": 4
      },
      {
        "nama": "#sticker",
        "count": 1
      }
    ]
  },
  {
    "jid": "6287885541296@s.whatsapp.net",
    "db": [
      {
        "nama": "#afk",
        "count": 1
      },
      {
        "nama": "#delete",
        "count": 1
      }
    ]
  },
  {
    "jid": "6287885111923@s.whatsapp.net",
    "db": [
      {
        "nama": "#hidetag",
        "count": 1
      }
    ]
  },
  {
    "jid": "6283853900705@s.whatsapp.net",
    "db": [
      {
        "nama": "#quotes",
        "count": 3
      },
      {
        "nama": "#tebakgambar",
        "count": 2
      },
      {
        "nama": "#waifu",
        "count": 3
      }
    ]
  },
  {
    "jid": "6281364221460@s.whatsapp.net",
    "db": [
      {
        "nama": "#owner",
        "count": 1
      }
    ]
  },
  {
    "jid": "6281267649401@s.whatsapp.net",
    "db": [
      {
        "nama": "#owner",
        "count": 1
      }
    ]
  },
  {
    "jid": "6289512799990@s.whatsapp.net",
    "db": [
      {
        "nama": "#welcome",
        "count": 1
      }
    ]
  },
  {
    "jid": "6282284646599@s.whatsapp.net",
    "db": [
      {
        "nama": "#tictactoe",
        "count": 1
      },
      {
        "nama": "#family100",
        "count": 1
      },
      {
        "nama": "#limit",
        "count": 2
      }
    ]
  },
  {
    "jid": "6285832672095@s.whatsapp.net",
    "db": [
      {
        "nama": "#couple",
        "count": 1
      }
    ]
  },
  {
    "jid": "6288212279462@s.whatsapp.net",
    "db": [
      {
        "nama": "#quotes",
        "count": 3
      },
      {
        "nama": "#waifu",
        "count": 2
      },
      {
        "nama": "#cecan",
        "count": 4
      },
      {
        "nama": "#tebakgambar",
        "count": 2
      },
      {
        "nama": "#tebaklagu",
        "count": 2
      },
      {
        "nama": "#family100",
        "count": 1
      },
      {
        "nama": "#nyerah",
        "count": 1
      },
      {
        "nama": "#meme",
        "count": 1
      },
      {
        "nama": "#darkjoke",
        "count": 5
      }
    ]
  },
  {
    "jid": "6285223865042@s.whatsapp.net",
    "db": [
      {
        "nama": "#cecan",
        "count": 1
      }
    ]
  },
  {
    "jid": "62882005846161@s.whatsapp.net",
    "db": [
      {
        "nama": "#owner",
        "count": 1
      }
    ]
  },
  {
    "jid": "6285878313791@s.whatsapp.net",
    "db": [
      {
        "nama": "#setppgrup",
        "count": 1
      },
      {
        "nama": "#linkgc",
        "count": 1
      },
      {
        "nama": "#setdesc",
        "count": 1
      },
      {
        "nama": "#open",
        "count": 1
      },
      {
        "nama": "#close",
        "count": 1
      },
      {
        "nama": "#revoke",
        "count": 1
      },
      {
        "nama": "#hidetag",
        "count": 1
      },
      {
        "nama": "#self",
        "count": 1
      },
      {
        "nama": "#public",
        "count": 1
      },
      {
        "nama": "#broadcast",
        "count": 1
      },
      {
        "nama": "#setproses",
        "count": 1
      }
    ]
  }
]