[
  {
    "id": "6289514358536@s.whatsapp.net",
    "glimit": 14
  },
  {
    "id": "6287839707161@s.whatsapp.net",
    "glimit": 10
  },
  {
    "id": "6285268397827@s.whatsapp.net",
    "glimit": 7
  },
  {
    "id": "6281371092533@s.whatsapp.net",
    "glimit": 6
  },
  {
    "id": "6285834330089@s.whatsapp.net",
    "glimit": 15
  },
  {
    "id": "6281938286593@s.whatsapp.net",
    "glimit": 4
  },
  {
    "id": "6285888654800@s.whatsapp.net",
    "glimit": 4
  },
  {
    "id": "6283853900705@s.whatsapp.net",
    "glimit": 0
  },
  {
    "id": "6282284646599@s.whatsapp.net",
    "glimit": 1
  },
  {
    "id": "6288212279462@s.whatsapp.net",
    "glimit": 3
  }
]