[
  {
    "id": "6281290149896@s.whatsapp.net",
    "limit": 7
  },
  {
    "id": "628998820884@s.whatsapp.net",
    "limit": 9
  },
  {
    "id": "6281357703375@s.whatsapp.net",
    "limit": 1
  },
  {
    "id": "6282335070157@s.whatsapp.net",
    "limit": 1
  },
  {
    "id": "6285779853257@s.whatsapp.net",
    "limit": 1
  },
  {
    "id": "6282169286432@s.whatsapp.net",
    "limit": 5
  },
  {
    "id": "6283819926835@s.whatsapp.net",
    "limit": 3
  },
  {
    "id": "6282194749547@s.whatsapp.net",
    "limit": 10
  },
  {
    "id": "6285320282222@s.whatsapp.net",
    "limit": 1
  },
  {
    "id": "6282168091935@s.whatsapp.net",
    "limit": 1
  },
  {
    "id": "62895324054824@s.whatsapp.net",
    "limit": 2
  },
  {
    "id": "6287839707161@s.whatsapp.net",
    "limit": -3,
    "glimit": null
  },
  {
    "id": "6289514358536@s.whatsapp.net",
    "limit": 4
  },
  {
    "id": "6281225522115@s.whatsapp.net",
    "limit": 1
  },
  {
    "id": "6281938286593@s.whatsapp.net",
    "limit": 7
  },
  {
    "id": "62895411161882@s.whatsapp.net",
    "limit": 2
  },
  {
    "id": "6285888654800@s.whatsapp.net",
    "limit": 5
  },
  {
    "id": "6281371092533@s.whatsapp.net",
    "limit": 2
  },
  {
    "id": "6285157215227@s.whatsapp.net",
    "limit": 2
  },
  {
    "id": "6283853900705@s.whatsapp.net",
    "limit": 13
  },
  {
    "id": "6285213563768@s.whatsapp.net",
    "limit": 1
  },
  {
    "id": "6285834330089@s.whatsapp.net",
    "limit": 1
  },
  {
    "id": "6283896115267@s.whatsapp.net",
    "limit": 1
  },
  {
    "id": "62895385185634@s.whatsapp.net",
    "limit": 7
  },
  {
    "id": "6281327808755@s.whatsapp.net",
    "limit": 0
  },
  {
    "id": "6282256149572@s.whatsapp.net",
    "limit": 1
  },
  {
    "id": "6281381695141@s.whatsapp.net",
    "limit": 10
  },
  {
    "id": "6287759957789@s.whatsapp.net",
    "limit": 3
  },
  {
    "id": "6285832672095@s.whatsapp.net",
    "limit": 1
  },
  {
    "id": "6288212279462@s.whatsapp.net",
    "limit": 16
  },
  {
    "id": "628978639524@s.whatsapp.net",
    "limit": 2
  },
  {
    "id": "6283871300383@s.whatsapp.net",
    "limit": 1
  }
]