[
   {
      "id": "6289527610037-1603740137@g.us",
      "key": "luyut",
      "response": "tes"
   },
   {
      "id": "6289527610037-1603740137@g.us",
      "key": "kon",
      "response": "rol"
   },
   {
      "id": "120363040501575445@g.us",
      "key": "bot",
      "response": "apa kontol :v"
   },
   {
      "id": "120363039855408528@g.us",
      "key": "P",
      "response": "apa woi"
   },
   {
      "id": "628816519799-1621679836@g.us",
      "key": "bot",
      "response": "APA"
   },
   {
      "id": "6285718845621-1632595054@g.us",
      "key": "bot",
      "response": "APA WOI, DAH AKTIF AKU!\nJANGAN KAU PANGGIL PANGGIL TEROS!!"
   },
   {
      "id": "120363024434997151@g.us",
      "key": "bot",
      "response": "iya sayang"
   },
   {
      "id": "120363041249673767@g.us",
      "key": "Bot",
      "response": "Apa Woi Udah Aktif Aku 😡😡"
   },
   {
      "id": "6285718845621-1632595054@g.us",
      "key": "formatff",
      "response": "*FORMAT ORDER FF*\nNICK NAME :\nID :\nJUMLAH DM :"
   },
   {
      "id": "6285718845621-1632595054@g.us",
      "key": "formatpubg",
      "response": "*FORMAT ORDER PUBG*\nNICK NAME :\nID :\nORDER UC :"
   },
   {
      "id": "6285718845621-1632595054@g.us",
      "key": "formatml",
      "response": "*FORMAT ORDER ML*\nNICK NAME :\nID :\nSERVER :\nJUMLAH DM :"
   },
   {
      "id": "6285718845621-1632595054@g.us",
      "key": "Bot",
      "response": "APA WOI, DAH AKTIF AKU!\nJANGAN KAU PANGGIL PANGGIL TEROS!!"
   },
   {
      "id": "120363041249673767@g.us",
      "key": "FormatValo",
      "response": "NICKNAME: \nID: \nREGION: \nORDER POINT:"
   },
   {
      "id": "120363040501575445@g.us",
      "key": "Bot",
      "response": "apa beb😍"
   },
   {
      "id": "6285718845621-1632595054@g.us",
      "key": "formatgift",
      "response": "*FORMAT ORDER GIFT*\nNICK NAME :\nID :\nSERVER :\nORDER SKIN :\nTANGGAL ORDER :"
   },
   {
      "id": "6285718845621-1632595054@g.us",
      "key": "pay",
      "response": "_DANA_\n_0895433740609_\n\n_GOPAY achmad farid_\n_085718845621_\n\n_OVO achmad farid_\n_085718845621_\n\n_SHOPEEPAY_\n_085718845621_\n\n_QRIS rid store idn | only dana_\n\n_Alfamart ,Indomaret & Virtual account minta kode admin_"
   },
   {
      "id": "6285718845621-1632595054@g.us",
      "key": "PAY",
      "response": "_DANA_\n_0895433740609_\n\n_GOPAY achmad farid_\n_085718845621_\n\n_OVO achmad farid_\n_085718845621_\n\n_SHOPEEPAY_\n_085718845621_\n\n_QRIS rid store idn | only dana_\n\n_Alfamart ,Indomaret & Virtual account minta kode admin_"
   },
   {
      "id": "120363041676708482@g.us",
      "key": "Bot",
      "response": "APA WOI, DAH AKTIF AKU!\nJANGAN KAU PANGGIL PANGGIL TEROS!!"
   },
   {
      "id": "120363041676708482@g.us",
      "key": "bot",
      "response": "APA WOI, DAH AKTIF AKU!\nJANGAN KAU PANGGIL PANGGIL TEROS!!"
   },
   {
      "id": "120363039855408528@g.us",
      "key": "Bot",
      "response": "apa woi, dah aktif aku😡"
   },
   {
      "id": "6281229317290-1616546251@g.us",
      "key": "Bot",
      "response": "Halloo ketik .list untuk melihat menu di grup ini yaa 🥰"
   },
   {
      "id": "6281229317290-1616546251@g.us",
      "key": "bot",
      "response": "Halloo ketik .list untuk melihat menu di grup ini yaa 🥰"
   },
   {
      "id": "6281229317290-1616546251@g.us",
      "key": "Close Order",
      "response": "*CLOSE ML SLOW, PUBG VIA ID REG INDO, APEX MOBILE, DRAGON RAJA, LIFE AFTER, SAUSAGE MAN*"
   },
   {
      "id": "120363039666449920@g.us",
      "key": "formatml",
      "response": "*Format Order\t MLBB*\nID :\t\nServer :\t\nOrder :\nNickname :\t\nSisa Diamond :"
   },
   {
      "id": "120363039666449920@g.us",
      "key": "formatff",
      "response": "*Format Order\tFree fire*\nID :\t\nNickname :\t\nJumlah Order :"
   },
   {
      "id": "120363040580846598@g.us",
      "key": "Bot",
      "response": "Iya saya disini"
   },
   {
      "id": "120363039855408528@g.us",
      "key": "bot",
      "response": "apa woi, dah aktif aku😡"
   },
   {
      "id": "120363043843341760@g.us",
      "key": "Bot",
      "response": " Apa Dek"
   },
   {
      "id": "120363043843341760@g.us",
      "key": "bot",
      "response": " Tutor dek"
   },
   {
      "id": "120363022571632620@g.us",
      "key": "bot",
      "response": "apa memeg"
   },
   {
      "id": "6285718845621-1632595054@g.us",
      "key": "formatchip",
      "response": "*FORMAT ORDER CHIP*\nNICK NAME :\nID :\nJUMLAH CHIP :"
   }
]