[
   {
      "id": "120363039666449920@g.us",
      "text": "@user, Selamat tinggal beban grup"
   },
   {
      "id": "120363038801871322@g.us",
      "text": "BAIII MISKIN 👋🏿,balik lagi kalo kamu uda rich tapi jgn balik kalo kamu ttp misqueen !"
   },
   {
      "id": "6285718845621-1632595054@g.us",
      "text": "Halo @user, Selamat Tinggal Dari @group Jasa Mu Tidak Dikenang Disini."
   },
   {
      "id": "120363041044970089@g.us",
      "text": "Bye bye beban dunia @user, ANDA TIDAK BERHAK MASUK KE GRUP @group ANJ"
   },
   {
      "id": "120363040580846598@g.us",
      "text": " @user, Leave @group\n\nTerimah kasih sudah mampir 🙏🏻"
   },
   {
      "id": "120363043843341760@g.us",
      "text": "@user telah keluar dari @group.\nSelamat tinggal @user,\n\nSemoga harimu senin terus 🗿"
   },
   {
      "id": "120363025952459670@g.us",
      "text": "@user telah keluar dari @group.\nSelamat tinggal @user,\n\nSemoga harimu senin terus 🗿"
   }
]