[
   {
      "id": "120363039855408528@g.us",
      "text": "Close Dlu Ngab"
   },
   {
      "id": "120363039666449920@g.us",
      "text": "Terimakasih kepada teman teman semuanya,kalian adalah orang orang hebat, mari berdoa bersama \n\"Segala Puji Bagi Tuhan yang telah memberi rezeki kepadaku dengan tidak ada daya dan kekuatan bagiku, Ya Tuhan, semoga Engkau senantiasa memberi berkah pada rezekiku.\"  aamiin sampai jumpa esok"
   },
   {
      "id": "6281229317290-1616546251@g.us",
      "text": "Close ya, terimakasih untuk hari ini, sampai jumpa besok 🥰"
   },
   {
      "id": "120363041044970089@g.us",
      "text": "GRUP SUDAH DITUTUP, TURU DEK"
   },
   {
      "id": "120363040580846598@g.us",
      "text": "*TERIMAKASIH YG SUDAH ORDER HARI INI,SEMOGA REJEKI DI LANCARKAN*"
   },
   {
      "id": "6285718845621-1632595054@g.us",
      "text": "Terimakasih kepada teman teman semuanya,kalian adalah orang orang hebat, mari berdoa bersama \n\"Segala Puji Bagi Tuhan yang telah memberi rezeki kepadaku dengan tidak ada daya dan kekuatan bagiku, Ya Tuhan, semoga Engkau senantiasa memberi berkah pada rezekiku.\"  aamiin sampai jumpa esok"
   },
   {
      "id": "6281929518397-1627547499@g.us",
      "text": "🙏 makasih ya yang udah  order hari ini 🙏"
   },
   {
      "id": "120363039886085429@g.us",
      "text": "*TERIMA KASIH YANG SUDAH ORDER HARI INI*"
   },
   {
      "id": "120363040687299719@g.us",
      "text": "*TERIMA KASIH TELAH ORDER DI CYBEELA STORE*"
   }
]