[
   {
      "id": "120363039666449920@g.us",
      "text": "Halo @user, selamat datang di @group ketik /menu untuk melihat list"
   },
   {
      "id": "120363039855408528@g.us",
      "text": "testestes"
   },
   {
      "id": "120363038801871322@g.us",
      "text": "*SELAMAT DATANG PANTEK*\n```Buat lo yang miskin mending out aja```"
   },
   {
      "id": "120363038597136232@g.us",
      "text": "Halo @user, Selamat datang di @group semoga betah ygy ☺️ Sabi kali TOPUP tipis tipis *KETIK /MENU* untuk melihat harga list game favorit mu\n\n*⚠️ WARNING⚠️*\nDILARANG SPAM BOT\n🚫 PROMO apapun tanpa izin admin🚫\n🚫Culik member 🚫\n= *HARAM*\n*JIKA DICULIK LAPORKAN ADMIN*"
   },
   {
      "id": "120363025927645181@g.us",
      "text": "Halo @nama selamat datang di grup *STACKSERT VIP* jika ingin melihat list ketik */menu*, jangan lupa untuk follow INSTAGRAM admin ya.\n\n*TERIMAKASIH.*"
   },
   {
      "id": "6285718845621-1632595054@g.us",
      "text": "Halo @user, Selamat Datang Di @group Untuk Harga Reseller Bisa Langsung Cek Link Deskripsi."
   },
   {
      "id": "6281229317290-1616546251@g.us",
      "text": "Hallo selamat bergabung, ketik .list untuk info seputar reseller ya! 🙂"
   },
   {
      "id": "120363041676708482@g.us",
      "text": "Halo @user, Selamat datang di @group.*Ketik /menu untuk melihat Pricelist*"
   },
   {
      "id": "120363041044970089@g.us",
      "text": "Hai dek @user, selamat datang ke grup @group"
   },
   {
      "id": "120363040580846598@g.us",
      "text": "Hai @user, WELCOME TO @group\n\nJangan lupa baca desk ya,\nHave a nice day 🥰"
   },
   {
      "id": "6289512799990-1628133083@g.us",
      "text": "Halo @user, Selamat datang di @group"
   },
   {
      "id": "120363039886085429@g.us",
      "text": "Halo @{name} , Selamat datang di @{namegroup}"
   },
   {
      "id": "120363043843341760@g.us",
      "text": "Hai @user, Selamat Datang di @group.\n\nTerimakasih semoga betah 😊"
   },
   {
      "id": "120363025952459670@g.us",
      "text": "Hai @user, Selamat Datang di @group.\n\nTerimakasih semoga betah 😊"
   }
]