[
   {
      "id": "120363022571632620@g.us",
      "text": "Mari berdoa bersama\n\"Ya Tuhan, sesungguhnya aku memohon kepada-Mu agar melimpahkan rezeki kepadaku berupa rezeki yang halal, luas, dan tanpa susah payah, tanpa memberatkan, tanpa membahayakan, dan tanpa rasa lelah dalam memperolehnya. Sesungguhnya Engkau berkuasa atas segala sesuatu.\"\nAamiin"
   },
   {
      "id": "120363039666449920@g.us",
      "text": "Mari berdoa bersama\n\"Ya Tuhan, sesungguhnya aku memohon kepada-Mu agar melimpahkan rezeki kepadaku berupa rezeki yang halal, luas, dan tanpa susah payah, tanpa memberatkan, tanpa membahayakan, dan tanpa rasa lelah dalam memperolehnya. Sesungguhnya Engkau berkuasa atas segala sesuatu.\"\nAamiin"
   },
   {
      "id": "120363041676708482@g.us",
      "text": "group"
   },
   {
      "id": "6289527610037-1603740137@g.us",
      "text": "OPEN YA MEMEK GAS TF"
   },
   {
      "id": "6281229317290-1616546251@g.us",
      "text": "Grup sudah dibuka, silahkan di order ^^"
   },
   {
      "id": "120363041044970089@g.us",
      "text": "GRUP SUDAH DIBUKA, SILAHKAN MEMBACOT YA DEK"
   },
   {
      "id": "120363040580846598@g.us",
      "text": "*GRUP OPEN,JANGAN LUPA ORDER BESTIE*"
   },
   {
      "id": "120363043794602460@g.us",
      "text": "Group telah di buka"
   },
   {
      "id": "6285718845621-1632595054@g.us",
      "text": "Mari berdoa bersama\n\"Ya Tuhan, sesungguhnya aku memohon kepada-Mu agar melimpahkan rezeki kepadaku berupa rezeki yang halal, luas, dan tanpa susah payah, tanpa memberatkan, tanpa membahayakan, dan tanpa rasa lelah dalam memperolehnya. Sesungguhnya Engkau berkuasa atas segala sesuatu.\"\nAamiin"
   },
   {
      "id": "120363039855408528@g.us",
      "text": "OPEN GAIS"
   },
   {
      "id": "120363039886085429@g.us",
      "text": "*OPEN GUYSS*"
   },
   {
      "id": "120363040687299719@g.us",
      "text": "*OPEN GUYSS*"
   }
]