[
   {
      "id": "120363039855408528@g.us",
      "text": "「 *STATUS PESANAN* 」\n\nTANGGAL  : @tanggal\nJAM            : @jam\nSTATUS      : DONE OM, SILAHKAN DI CEK\n\n*TERIMA KASIH TELAH ORDER*\n@nama 🙏"
   },
   {
      "id": "120363025008224863@g.us",
      "text": "「 *TRANSAKSI PENDING* 」\n\nTANGGAL : Minggu, 5 Jun 2022\nJAM     : 11:51:01 WIB\nSTATUS  : Pending\n\n📝@pesanan\n\nPesanan @⁨nama sedang di proses"
   },
   {
      "id": "120363043794602460@g.us",
      "text": "STATUS PESANAN\ntanggal\nJam\n\nPesanan\n\nSedang di proses @nama"
   },
   {
      "id": "120363041008055405@g.us",
      "text": "tanggal jam\nPesanan nama sedang di proses"
   },
   {
      "id": "120363043201929471@g.us",
      "text": "ff @memek, @6285868703627"
   }
]